{
  "model_type": "xgboost",
  "target": "SepsisLabel",
  "dataset": "C:\\Github_repos\\sepsis-prediction-project\\Datasets\\processed\\sepsis_icu_engineered.csv",
  "feature_count": 91,
  "best_iteration": 384,
  "selected_threshold": {
    "threshold": 0.8200000000000002,
    "precision": 0.1572818194273188,
    "recall": 0.2808219178082192,
    "f1": 0.20163344164397998
  },
  "scale_pos_weight": 54.602593494770026,
  "split_sizes": {
    "train_rows": 1091125,
    "val_rows": 228693,
    "test_rows": 232384,
    "train_patients": 28233,
    "val_patients": 6051,
    "test_patients": 6051
  },
  "train": {
    "auc": 0.8668523874051808,
    "pr_auc": 0.1489807807395219,
    "accuracy": 0.9569270248596632,
    "precision": 0.16501486620416253,
    "recall": 0.33370077162040285,
    "f1": 0.22082960310355118,
    "positive_rate": 0.018291213197388016,
    "pred_positive_rate": 0.036989345858632144
  },
  "val": {
    "auc": 0.8369557694044395,
    "pr_auc": 0.11292637816134338,
    "accuracy": 0.9602480180853809,
    "precision": 0.1572818194273188,
    "recall": 0.2808219178082192,
    "f1": 0.20163344164397998,
    "positive_rate": 0.01787549247244122,
    "pred_positive_rate": 0.0319161495979326
  },
  "test": {
    "auc": 0.8320951397275,
    "pr_auc": 0.10299847737679534,
    "accuracy": 0.958034976590471,
    "precision": 0.13940657184894556,
    "recall": 0.2937984496124031,
    "f1": 0.18909030434059537,
    "positive_rate": 0.016653470118424676,
    "pred_positive_rate": 0.03509708069402368
  },
  "best_params": {
    "max_depth": 4,
    "learning_rate": 0.03,
    "n_estimators": 500,
    "min_child_weight": 5,
    "subsample": 0.8,
    "colsample_bytree": 0.8,
    "gamma": 0.2,
    "reg_alpha": 0.5,
    "reg_lambda": 3.0,
    "max_delta_step": 1
  },
  "cv_results": {
    "mean_train_auc": 0.8734149617530348,
    "mean_val_auc": 0.8290416115297612,
    "std_val_auc": 0.0023593843020835747
  }
}