{
  "total_patients": 40335,
  "sepsis_rate": 0.017984772600473393,
  "avg_age": 62.0094783088799,
  "auc": 0.818,
  "threshold": 0.448,
  "model_name": "Two-Stage Cascade (XGBoost)"
}
